VERSACE,,,
Bright Crystal,,,
Versace Bright Crystal Ж Товар гель для душа 200 мл,,200,1324.32
Versace Bright Crystal Ж Товар дезодорант стик 50 мл,,50,783.78
Versace Bright Crystal Ж Товар дезодорант спрей 50 мл,,50,1108.11
Crystal Noir,,,
Versace Crystal Noir Ж Товар Парфюмированная вода 30 мл,,30,1432.43
Versace Crystal Noir Ж Товар Туалетная вода 30 мл,,30,1351.35
Versace Crystal Noir Ж Товар Парфюмированная вода 50 мл,,50,2189.19
Versace Crystal Noir Ж Товар Туалетная вода 90 мл,,90,2621.62
Eau Fraiche,,,
Versace Eau Fraiche М Товар Туалетная вода 30 мл,,30,1243.24
Versace Eau Fraiche М Товар Туалетная вода 50 мл,,50,1675.67
Versace Eau Fraiche М Товар Туалетная вода 100 мл,,100,2162.16
Versace Eau Fraiche М Товар бальзам после бритья 75 мл,,75,918.92
Versace Eau Fraiche М Товар лосьон после бритья 100 мл,,100,1540.54
Versace Eau Fraiche М Товар дезодорант спрей 100 мл,,100,1027.03
EROS,,,
Versace Eros М Товар Туалетная вода 30 мл,,30,1351.35
Versace Eros М Товар Туалетная вода 100 мл,,100,2405.4
Versace Eros М Товар бальзам после бритья 100 мл,,100,1270.27
Pour Homme,,,
Versace Pour Homme М Товар Туалетная вода 30ml,,50,1324.32
Versace Pour Homme М Товар Туалетная вода 50ml,,50,1702.7
Versace Pour Homme М Товар Туалетная вода 100ml,,100,2351.35
Versace Pour Homme М Товар бальзам после бритья 100ml,,100,1243.24
Versace Pour Homme М Товар дезодорант стик 75ml,,75,810.81
Versace Pour Homme М Товар дезодорант спрей 100ml,,100,1432.43
Versace Pour Homme М Товар шампунь гель для душа 250ml,,250,1000
VANITAS EDT,,,
Versace Vanitas Edt Ж Товар Туалетная вода 30 мл,,30,1351.35
Versace Vanitas Edt Ж Товар Туалетная вода 50 мл,,50,2081.08
Versace Vanitas Edt Ж Товар лосьон для тела 200 мл,,200,450
Versace,,,
Versace Versace Ж Товар Парфюмерная вода 30 мл,,30,1486.49
Versace Versace Ж Товар Парфюмерная вода 50 мл,,50,2162.16
Versace Versace Ж Товар дезодорант спрей 50 мл,,50,1054.05
VERSENSE,,,
Versace Versense Ж Товар Туалетная вода 30ml,,30,1459.46
Versace Versense Ж Товар Туалетная вода 100ml,,100,2783.78
Versace Versense Ж набор (туалетная вода 30ml + лосьон для тела 50ml),,0,1594.59
YELLOW DIAMOND,,,
Versace Yellow Diamond Ж Товар Туалетная вода 30 мл,,30,1351.35
YELLOW DIAMOND INTENSE,,,
Versace Yellow Diamond Intense Ж Товар Парфюмированная вода 50 мл,,50,1130
