ROUGE BUNNY ROUGE PERFUME,,,
CHATOYANT,,,
Rouge Bunny Rouge Perfume Chatoyant Ж Товар Парфюмированная вода 50 мл,,50,3152.5
INCANTATION,,,
Rouge Bunny Rouge Perfume Incantation Ж Товар Парфюмированная вода 50 мл,,50,3152.5
LILT,,,
Rouge Bunny Rouge Perfume Lilt Ж Товар Парфюмированная вода 50 мл,,50,3152.5
BALDESSARINI,,,
BALDESSARINI,,,
Baldessarini М Товар одеколон 50 мл заменяемый флакон,,50,1822.39
Baldessarini М Товар одеколон сoncentree 50 мл,,50,2223.94
Baldessarini М Товар одеколон в подарочной упаковке 50 мл,,50,2500
Baldessarini М Товар одеколон 75 мл,,75,2316.6
Baldessarini М Товар одеколон сoncentree 75 мл,,75,1600
Baldessarini М Товар шампунь гель для душа 200 мл,,200,772.2
BALDESSARINI AMBRE,,,
Baldessarini Ambre М Товар Туалетная вода 50 мл,,50,1884.17
Baldessarini Ambre М Товар Туалетная вода 90 мл,,90,1800
Baldessarini Ambre М Товар шампунь гель для душа 200 мл,,200,772.2
BALDESSARINI DEL MAR,,,
Baldessarini Del Mar М Товар Туалетная вода 90 мл,,90,2471.04
NAUTIC SPIRIT,,,
Baldessarini Nautic Spirit М Товар Туалетная вода 90 мл,,90,2594.59
Baldessarini Nautic Spirit М Товар гель для душа 200 мл,,200,803.09
Baldessarini Nautic Spirit М Товар дезодорант стик 75 мл,,75,803.09
Baldessarini Nautic Spirit М Товар лосьон после бритья 90 мл,,90,1976.83
PRIVATE AFFAIRS,,,
Baldessarini Private Affairs М Товар Туалетная вода 50 мл,,50,1884.17
Baldessarini Private Affairs М Товар Туалетная вода 90 мл,,90,2471.04
SECRET MISSION,,,
Baldessarini Secret Mission М Товар Туалетная вода 50 мл,,50,1300
Baldessarini Secret Mission М Товар Туалетная вода 90 мл,,90,1700
Baldessarini Secret Mission М Товар дезодорант стик 75 мл,,75,772.2
Baldessarini Secret Mission М Товар лосьон после бритья 90 мл,,90,1884.17
STRICTLY PRIVATE,,,
Baldessarini Strictly Private М Товар Туалетная вода 50 мл,,50,1884.17
Baldessarini Strictly Private М Товар Туалетная вода 90 мл,,90,2471.04
BVLGARI,,,
AQVA DIVINA,,,
Bvlgari AQVA DIVINA Ж Товар Туалетная вода 25 мл,,25,1261.26
Bvlgari AQVA DIVINA Ж Товар Туалетная вода 40 мл,,40,1843.38
Bvlgari AQVA DIVINA Ж Товар Туалетная вода 65 мл,,65,2304.23
Bvlgari AQVA DIVINA Ж Товар лосьон для тела 100 мл,,100,800.42
PARFUM,,,
AQUA HOMME,,,
Bvlgari Aqua Homme М Товар Туалетная вода 30 мл,,30,1358.28
Bvlgari Aqua Homme М Товар Туалетная вода 50 мл,,50,1722.11
AQVA AMARA,,,
Bvlgari Aqva Amara М Товар Туалетная вода 100 мл,,100,2401.25
Bvlgari Aqva Amara М Товар шампунь гель для душа 200 мл,,200,824.67
AQVA PH MARINE,,,
Bvlgari Aqva Ph Marine М Товар Туалетная вода 100 мл,,100,2158.7
Bvlgari Aqva Ph Marine М Товар Туалетная вода 30 мл,,30,1358.28
JASMIN NOIR,,,
Bvlgari Jasmin Noir Ж Товар Парфюмерная вода 25 мл ювелирная коллекция,,25,1188.5
Bvlgari Jasmin Noir Ж Товар Парфюмерная вода 100 мл,,100,3347.19
Bvlgari Jasmin Noir Ж Товар Парфюмерная вода 50 мл,,50,2376.99
MAN,,,
Bvlgari Man М Товар Туалетная вода 30 мл,,30,1358.28
Bvlgari Man М Товар Туалетная вода 60 мл,,60,1722.11
Bvlgari Man М Товар дезодорант спрей 100 мл,,75,776.16
Bvlgari Man М Товар шампунь гель для душа 200 мл,,200,873.18
MAN EXTREME,,,
Bvlgari Man Extreme М Товар Туалетная вода 60 мл,,60,1722.11
Bvlgari Man Extreme М Товар Туалетная вода 100 мл,,100,2328.48
MAN IN BLACK,,,
Bvlgari Man In Black М Товар Парфюмерная вода 30 мл,,30,1358.28
Bvlgari Man In Black М Товар Парфюмерная вода 60 мл,,60,1867.64
Bvlgari Man In Black М Товар Парфюмерная вода 100 мл,,100,2449.76
MON JASMIN EAU EXQUISE,,,
Bvlgari Mon Jasmin Eau Exquise Ж Товар Туалетная вода 25 мл ювелирная коллекция лим.вып.,,25,1188.5
Bvlgari Mon Jasmin Eau Exquise Ж Товар Туалетная вода 50 мл,,50,1964.66
Bvlgari Mon Jasmin Eau Exquise Ж Товар Туалетная вода 75 мл,,75,2546.78
MON JASMIN NOIR,,,
Bvlgari Mon Jasmin Noir Ж Товар Парфюмерная вода 25 мл ювелирная коллекция,,25,1188.5
Bvlgari Mon Jasmin Noir Ж Товар Парфюмерная вода 25 мл ювелирная коллекция лим.вып.,,25,1188.5
Bvlgari Mon Jasmin Noir Ж Товар Парфюмерная вода 50 мл,,50,2376.99
Bvlgari Mon Jasmin Noir Ж Товар Парфюмерная вода 75 мл,,75,2959.11
OMNIA AMETHYSTE,,,
Bvlgari Omnia Amethyste Ж Товар Туалетная вода 25 мл ювелирная коллекция,,25,1188.5
Bvlgari Omnia Amethyste Ж Товар Туалетная вода 40 мл,,40,1722.11
Bvlgari Omnia Amethyste Ж Товар Туалетная вода 65 мл,,65,2085.93
OMNIA CORAL,,,
Bvlgari Omnia Coral Ж Товар Туалетная вода 25 мл ювелирная коллекция,,25,1188.5
Bvlgari Omnia Coral Ж Товар Туалетная вода 40 мл,,40,1722.11
Bvlgari Omnia Coral Ж Товар Туалетная вода 65 мл,,65,2085.93
OMNIA CRYSTALLINE,,,
Bvlgari Omnia Crystalline Ж Товар Парфюмерная вода 25 мл,,25,1188.5
Bvlgari Omnia Crystalline Ж Товар Туалетная вода 25 мл ювелирная коллекция,,25,1188.5
Bvlgari Omnia Crystalline Ж Товар Парфюмерная вода 40 мл,,40,2013.17
Bvlgari Omnia Crystalline Ж Товар Туалетная вода 40 мл,,40,1722.11
Bvlgari Omnia Crystalline Ж Товар Парфюмерная вода 65 мл,,65,2474.01
Bvlgari Omnia Crystalline Ж Товар Туалетная вода 65 мл,,65,2085.93
OMNIA INDIAN GARNET,,,
Bvlgari Omnia Indian Garnet Ж Товар Ювелирная коллеция туалетная вода 25 мл,,25,1000
Bvlgari Omnia Indian Garnet Ж Товар Туалетная вода 40 мл,,40,1380
Bvlgari Omnia Indian Garnet Ж Товар Туалетная вода 65 мл,,65,1680
Банная линия,,,
MAN IN BLACK,,,
Bvlgari Man In Black М Товар бальзам после бритья 100 мл,,100,1115.73
Bvlgari Man In Black М Товар шампунь гель для душа 200 мл,,200,824.67
CALVIN KLEIN,,,
BEAUTY,,,
Calvin Klein Beauty Ж Товар Парфюмерная вода 30 мл,,30,1367.98
Calvin Klein Beauty Ж Товар Парфюмерная вода 50 мл,,50,1783.78
Calvin Klein Beauty Ж Товар Парфюмерная вода 100 мл,,100,2199.58
CK FREE,,,
Calvin Klein Ck Free М Товар Туалетная вода 50 мл,,50,1326.4
CK IN2U WOMEN,,,
Calvin Klein Ck In2u Women Ж Товар Туалетная вода 50 мл,,50,1035.34
Calvin Klein Ck In2u Women Ж Товар Туалетная вода 100 мл,,100,1326.4
CK ONE,,,
Calvin Klein Ck One Ж Товар Туалетная вода 100 мл (лимитированный выпуск summer 2015),,100,1076.92
cK ONE SHOCK FOR HER,,,
Calvin Klein One Shock For Her Ж Товар Туалетная вода 100 мл,,100,1076.92
Calvin Klein One Shock For Her Ж Товар Туалетная вода 100 мл (red edition),,100,1076.92
cK ONE SHOCK FOR HIM,,,
Calvin Klein One Shock For Him М Товар Туалетная вода 100 мл,,100,1076.92
Calvin Klein One Shock For Him М Товар Туалетная вода 100 мл (red edition),,100,1076.92
ENCOUNTER,,,
Calvin Klein Encounter М Товар гель для душа 200 мл,,200,577.96
ETERNITY FOR WOMEN,,,
Calvin Klein Eternity For Women Ж Товар Aqua парфюмерная вода 50 мл,,50,1100
Calvin Klein Eternity For Women Ж Товар Aqua парфюмерная вода 100 мл,,100,1400
EUPHORIA,,,
Calvin Klein Euphoria Ж Товар Парфюмированная вода 30 мл,,30,1367.98
Calvin Klein Euphoria Ж Товар Туалетная вода 30 мл,,30,1243.24
Calvin Klein Euphoria Ж Товар Парфюмированная вода 50 мл,,50,1783.78
Calvin Klein Euphoria Ж Товар Туалетная вода 50 мл,,50,1659.04
EUPHORIA BLOSSOM,,,
Calvin Klein Euphoria Blossom Ж Товар Туалетная вода 30 мл,,30,1243.24
Calvin Klein Euphoria Blossom Ж Товар Туалетная вода 50 мл,,50,1659.04
Calvin Klein Euphoria Blossom Ж Товар Туалетная вода 100 мл,,100,1659.04
EUPHORIA ENDLESS,,,
Calvin Klein Euphoria Endless Ж Товар Парфюмерная вода 40 мл,,40,1409.56
Calvin Klein Euphoria Endless Ж Товар Парфюмерная вода 75 мл,,75,1825.36
Calvin Klein Euphoria Endless Ж Товар Парфюмерная вода 125 мл,,125,2282.74
EUPHORIA FOR MEN,,,
Calvin Klein Euphoria For Men М Товар Туалетная вода 30 мл,,30,1160.08
Calvin Klein Euphoria For Men М Товар Туалетная вода 100 мл,,100,1950.1
EUPHORIA FOR MEN INTENSE,,,
Calvin Klein Euphoria For Men Intense М Товар Туалетная вода 50 мл,,50,1575.88
Calvin Klein Euphoria For Men Intense М Товар Туалетная вода 100 мл,,100,1991.68
FORBIDDEN EUPHORIA,,,
Calvin Klein Forbidden Euphoria Ж Товар Парфюмерная вода 30 мл,,30,1367.98
Calvin Klein Forbidden Euphoria Ж Товар Парфюмерная вода 50 мл,,50,1825.36
REVEAL,,,
Calvin Klein Reveal Ж Товар Парфюмерная вода 30 мл,,30,1367.98
Calvin Klein Reveal Ж Товар Парфюмерная вода 50 мл,,50,1783.78
Calvin Klein Reveal Ж Товар Парфюмерная вода 100 мл,,100,2282.74
Calvin Klein Reveal Ж Товар лосьон для тела 200 мл,,200,702.7
REVEAL MEN,,,
Calvin Klein REVEAL MEN М Товар Туалетная вода 30 мл,,30,1367.98
Calvin Klein REVEAL MEN М Товар Туалетная вода 50 мл,,50,1783.78
Calvin Klein REVEAL MEN М Товар Туалетная вода 100 мл,,100,2199.58
Calvin Klein REVEAL MEN М Товар бальзам после бритья 200 мл,,200,661.12
Calvin Klein REVEAL MEN М Товар гель для душа 200 мл,,200,661.12
Calvin Klein REVEAL MEN М Товар дезодорант стик 75гр,,75,661.12
SHEER BEAUTY,,,
Calvin Klein Sheer Beauty Ж Товар Туалетная вода 30 мл,,30,1243.24
Calvin Klein Sheer Beauty Ж Товар Туалетная вода 50 мл,,50,1659.04
Calvin Klein Sheer Beauty Ж Товар Туалетная вода 100 мл,,100,2074.84
SHEER BEAUTY ESSENCE,,,
Calvin Klein Sheer Beauty Essence Ж Товар Туалетная вода 30 мл,,30,1243.24
Calvin Klein Sheer Beauty Essence Ж Товар Туалетная вода 50 мл,,50,1659.04
Calvin Klein Sheer Beauty Essence Ж Товар Туалетная вода 100 мл,,100,2074.84
CAROLINA HERRERA,,,
212,,,
Carolina Herrera 212 Ж Товар Туалетная вода 30 мл,,30,1606.28
Carolina Herrera 212 Ж Товар Туалетная вода 60 мл,,60,2368.58
Carolina Herrera 212 Ж Товар Туалетная вода 50+50 мл,,100,3021.98
212 men,,,
Carolina Herrera 212 Men М Товар Туалетная вода 50 мл,,50,2041.88
Carolina Herrera 212 Men М Товар Туалетная вода 100 мл,,100,2586.38
Carolina Herrera 212 Men М Товар дезодорант спрей 150 мл,,150,952.88
212 VIP,,,
Carolina Herrera 212 VIP Ж Товар Парфюмерная вода 30 мл,,30,1280
Carolina Herrera 212 VIP Ж Товар Парфюмерная вода 50 мл,,50,2368.58
Carolina Herrera 212 VIP Ж Товар Парфюмерная вода 80 мл,,80,3021.98
Carolina Herrera 212 VIP Ж Товар дезодорант спрей 150 мл,,150,1007.33
Carolina Herrera 212 VIP Ж Товар дезодорант спрей 150 мл,,150,1007.33
212 VIP CLUB,,,
Carolina Herrera 212 VIP CLUB Ж Товар Туалетная вода 80 мл,,80,2722.5
212 VIP CLUB MEN,,,
Carolina Herrera 212 VIP CLUB MEN М Товар Туалетная вода 100 мл,,100,2368.58
212 VIP MEN,,,
Carolina Herrera 212 Vip Men М Товар Туалетная вода 100 мл,,100,2586.38
Carolina Herrera 212 Vip Men М Товар дезодорант спрей 150 мл,,150,720
Carolina Herrera 212 Vip Men М Товар дезодорант стик 75 гр,,75,1061.78
212 VIP ROSE,,,
Carolina Herrera 212 Vip Rose Ж Товар Парфюмерная вода 30 мл,,30,1606.28
Carolina Herrera 212 Vip Rose Ж Товар Парфюмерная вода 50 мл,,50,2368.58
Carolina Herrera 212 Vip Rose Ж Товар Парфюмерная вода 80 мл,,80,3021.98
CH,,,
Carolina Herrera CH Ж Товар Туалетная вода 30 мл,,30,1687.95
Carolina Herrera CH Ж Товар Туалетная вода 50 мл,,50,2504.7
Carolina Herrera CH Ж Товар Туалетная вода 100 мл,,100,3212.55
Carolina Herrera CH Ж Товар гель для душа 200 мл,,200,898.43
Carolina Herrera CH Ж Товар лосьон для тела 200 мл,,200,1061.78
CH L`EAU,,,
Carolina Herrera Ch L`eau Ж Товар Освежающая туалетная вода 50 мл,,50,2150.78
Carolina Herrera Ch L`eau Ж Товар Освежающая туалетная вода 100 мл,,100,2749.73
CH MEN,,,
Carolina Herrera Ch Men М Товар Туалетная вода 50 мл,,50,1680
Carolina Herrera Ch Men М Товар Туалетная вода 100 мл,,100,2749.73
Carolina Herrera Ch Men М Товар дезодорант спрей 150 мл,,150,816.75
Carolina Herrera Ch Men М Товар дезодорант стик 75 мл,,75,1007.33
Carolina Herrera Ch Men М Товар лосьон после бритья 100 мл,,100,1415.7
chic men,,,
Carolina Herrera Chic Men М Товар Туалетная вода 30 мл,,30,1415.7
Carolina Herrera Chic Men М Товар Туалетная вода 60 мл,,60,2014.65
Carolina Herrera Chic Men М Товар Туалетная вода 100 мл,,100,2613.6
SUBLIME,,,
Carolina Herrera Sublime Ж Товар Парфюмерная вода 30 мл,,30,1742.4
Carolina Herrera Sublime Ж Товар Парфюмерная вода 50 мл,,50,2559.15
Carolina Herrera Sublime Ж Товар Парфюмерная вода 80 мл,,80,3267
CHLOE,,,
L`EAU DE CHLOE,,,
Chloe L`eau De Chloe Ж Товар Товар туалетная вода 30 мл,,30,1589.35
Chloe L`eau De Chloe Ж Товар Товар туалетная вода 50 мл,,50,2044.75
LOVE,,,
Chloe Love Ж Товар Парфюмерная вода 30 мл,,30,1589.35
Chloe Love Ж Товар Парфюмерная вода 50 мл,,50,2044.75
Chloe Love Ж Товар Парфюмерная вода 75 мл,,100,2254.23
Chloe Love Ж Товар лосьон для тела 200 мл,,200,933.57
LOVE STORY,,,
Chloe Love Story Ж Товар Парфюмерная вода 30 мл,,30,1771.51
Chloe Love Story Ж Товар Парфюмерная вода 50 мл,,50,2226.91
Chloe Love Story Ж Товар Парфюмерная вода 75 мл,,75,2682.31
Chloe Love Story Ж Товар гель для душа 200 мл,,200,633.01
Chloe Love Story Ж Товар дезодорант 100 мл,,100,633.01
Chloe Love Story Ж Товар лосьон для тела 200 мл,,200,906.25
ROSES de CHLOE,,,
Chloe Roses De Chloe Ж Товар Туалетная вода 30 мл,,30,1634.89
Chloe Roses De Chloe Ж Товар Туалетная вода 50 мл,,50,2090.29
Chloe Roses De Chloe Ж Товар Туалетная вода 75 мл,,75,2545.69
Chloe Roses De Chloe Ж Товар дезодорант 100 мл,,100,633.01
SEE BY CHLOE,,,
Chloe See By Chloe Ж Товар Парфюмерная вода 30 мл,,30,1407.19
Chloe See By Chloe Ж Товар Парфюмерная вода 50 мл,,50,1862.59
Chloe See By Chloe Ж Товар Парфюмерная вода 75 мл,,75,2317.99
Chloe See By Chloe Ж Товар дезодорант 100 мл,,100,724.09
Chloe See By Chloe Ж Товар лосьон для тела 150 мл,,150,678.55
SEE BY CHLOE FRAICHE,,,
Chloe See By Chloe Fraiche Ж Товар Туалетная вода 30 мл,,30,1407.19
Chloe See By Chloe Fraiche Ж Товар Туалетная вода 50 мл,,50,1862.59
Chloe See By Chloe Fraiche Ж Товар Туалетная вода 75 мл,,75,2317.99
SEE BY CHLOE SI BELLE,,,
Chloe See By Chloe Si Belle Ж Товар Парфюмерная вода 30 мл,,30,1407.19
Chloe See By Chloe Si Belle Ж Товар Парфюмерная вода 50 мл,,50,1862.59
Chloe See By Chloe Si Belle Ж Товар Парфюмерная вода 75 мл,,75,2317.99
SIGNATURE,,,
Chloe Signature Ж Товар Парфюмерная вода 30 мл,,30,1725.97
Chloe Signature Ж Товар Туалетная вода 30 мл,,30,1361.65
Chloe Signature Ж Товар Парфюмерная вода 50 мл,,50,2226.91
Chloe Signature Ж Товар Парфюмерная вода 75 мл,,75,2682.31
Chloe Signature Ж Товар дезодорант 100 мл спрей,,100,678.55
COMME DES GARCONS,,,
2,,,
Comme Des Garcons 2 Ж Товар Парфюмерная вода 25 мл,,25,1796.85
Comme Des Garcons 2 Ж Товар Парфюмерная вода 25 мл,,25,1796.85
Comme Des Garcons 2 Ж Товар Парфюмерная вода 50 мл,,50,2668.05
2 man,,,
Comme Des Garcons 2 Man М Товар Туалетная вода 25 мл,,25,1579.05
Comme Des Garcons 2 Man М Товар Туалетная вода 50 мл.,,50,2150.78
Comme Des Garcons 2 Man М Товар Туалетная вода 100 мл.,,100,2640.83
AMAZINGREEN,,,
Comme Des Garcons Amazingreen МЖ Товар Парфюмерная вода 25 мл,,25,1796.85
Comme Des Garcons Amazingreen МЖ Товар Парфюмерная вода 50 мл,,50,2668.05
Comme Des Garcons Amazingreen МЖ Товар Парфюмерная вода 100 мл,,100,3321.45
WONDEROUD,,,
Comme Des Garcons Wonderoud МЖ Товар Парфюмерная вода 100 мл,,100,3321.45
WONDERWOOD,,,
Comme Des Garcons Wonderwood МЖ Товар Парфюмерная вода 25 мл,,25,1796.85
Comme Des Garcons Wonderwood МЖ Товар Парфюмерная вода 50 мл,,50,2668.05
D&G,,,
11-LA FORCE,,,
D&G 11-La Force М Товар Туалетная вода 50 мл,,50,1000
3-L`IMPERATRICE,,,
D&G 3-l`Imperatrice Ж Товар Туалетная вода 50 мл,,50,1722.6
D&G 3-l`Imperatrice Ж Товар Туалетная вода 100 мл,,100,2440.63
DOLCE&GABBANA,,,
dg pour femme,,,
Dolce&Gabbana Dg Pour Femme Ж Товар Парфюмерная вода 25 мл,,25,1937.87
Dolce&Gabbana Dg Pour Femme Ж Товар Парфюмерная вода 50 мл,,50,2747.13
Dolce&Gabbana Dg Pour Femme Ж Товар Парфюмерная вода 100 мл,,100,3523.61
Dolce&Gabbana Dg Pour Femme Ж Товар крем для тела 180 мл,,180,1821.92
dg pour homme,,,
Dolce&Gabbana Dg Pour Homme М Товар Туалетная вода 75 мл,,75,1934.54
Dolce&Gabbana Dg Pour Homme М Товар Туалетная вода 125 мл,,125,2694.86
DOLCE,,,
Dolce&Gabbana Dolce Ж Товар Туалетная вода 30 мл,,30,1821.92
Dolce&Gabbana Dolce Ж Товар Туалетная вода 50 мл,,50,2472.47
Dolce&Gabbana Dolce Ж Товар Туалетная вода 75 мл,,75,3100.68
Dolce&Gabbana Dolce Ж Товар Парфюмерная вода 150 мл,,150,4933.05
Dolce&Gabbana Dolce Ж Товар Туалетная вода 150 мл,,150,4439.79
Dolce&Gabbana Dolce Ж Товар лосьон для тела 200 мл,,200,1322.96
Intenso PH,,,
Dolce&Gabbana Intenso Ph М Товар Парфюмированная вода 75 мл,,75,2050.96
Dolce&Gabbana Intenso Ph М Товар Парфюмированная вода 125 мл,,125,2856.43
Dolce&Gabbana Intenso Ph М Товар гель для душа 200 мл,,200,961.33
Dolce&Gabbana Intenso Ph М Товар лосьон после бритья 125 мл,,125,1942.14
Dolce&Gabbana Intenso Ph М Товар тв дезодорант 75 мл,,75,961.33
light blue,,,
Dolce&Gabbana Light Blue Ж Товар Туалетная вода 25 мл,,25,1649.89
Dolce&Gabbana Light Blue Ж Товар гель для душа 200 мл,,200,1209.38
Light Blue Pour Homme,,,
Dolce&Gabbana Light Blue Pour Homme М Товар Туалетная вода 75 мл,,75,1934.54
Dolce&Gabbana Light Blue Pour Homme М Товар Туалетная вода 125 мл,,125,2694.86
Dolce&Gabbana Light Blue Pour Homme М Товар тв дезодорант 75 г,,75,907.16
LIGHT BLUE Pour Homme STR,,,
Dolce&Gabbana Light Blue Pour Homme Stromboli М Товар Туалетная вода 40 мл,,40,1150
POUR FEMME INTENSE,,,
Dolce&Gabbana Pour Femme Intense Ж Товар Парфюмерная вода 25 мл,,25,2170.71
Dolce&Gabbana Pour Femme Intense Ж Товар Парфюмерная вода 50 мл,,50,3076.92
Dolce&Gabbana Pour Femme Intense Ж Товар Парфюмерная вода 100 мл,,100,3946.54
The One,,,
Dolce&Gabbana The One Ж Товар Парфюмерная вода 30 мл,,30,1937.87
Dolce&Gabbana The One Ж Товар Парфюмерная вода 50 мл,,50,2747.13
Dolce&Gabbana The One Ж Товар Парфюмерная вода 75 мл,,75,3523.61
Dolce&Gabbana The One Ж набор (парфюмерная вода 50мл + лосьон для тела 100мл),,0,2289.51
THE ONE FOR MEN,,,
Dolce&Gabbana The One For Men М Товар Туалетная вода 30 мл,,30,1650.84
Dolce&Gabbana The One For Men М Товар Туалетная вода 50 мл,,50,1972.08
Dolce&Gabbana The One For Men М Товар Туалетная вода 100 мл,,100,2694.86
Dolce&Gabbana The One For Men М Товар дезодорант 150 мл,,150,907.16
Dolce&Gabbana The One For Men М Товар тв дезодорант 75 мл,,75,907.16
THE ONE FOR MEN SPORT,,,
Dolce&Gabbana The One For Men Sport М Товар Туалетная вода 30 мл,,30,1650.84
Dolce&Gabbana The One For Men Sport М Товар Туалетная вода 50 мл,,50,1972.08
Dolce&Gabbana The One For Men Sport М Товар Туалетная вода 100 мл,,100,2694.86
Dolce&Gabbana The One For Men Sport М Товар дезодорант стик 75 мл,,75,907.16
Dolce&Gabbana The One For Men Sport М Товар лосьон после бритья 100 мл,,100,1832.37
TO DESIRE,,,
Dolce&Gabbana The One Desire Ж Товар Парфюмерная вода 50 мл,,50,3076.92
Dolce&Gabbana The One Desire Ж Товар Парфюмерная вода 75 мл,,75,3946.54
ESCADA,,,
BORN IN PARADISE,,,
Escada Born In Paradise Ж Товар лосьон для тела 150 мл,,150,590
DESIRE ME,,,
Escada Desire Me Ж Товар Парфюмерная вода 50 мл,,50,1739.23
ESCADA MAGNETISM,,,
Escada Magnetism Ж Товар Парфюмированная вода 25 мл,,25,1159.49
Escada Magnetism Ж Товар Парфюмированная вода 50 мл,,50,1686.96
ESPECIALLY,,,
Escada Especially Ж Товар Парфюмированная вода 30 мл,,30,1547.73
Escada Especially Ж Товар Парфюмированная вода 75 мл,,75,2815.08
ESPECIALLY DELICATE NOTES,,,
Escada Especially Delicate Notes Ж Товар Туалетная вода жен 30 мл,,30,1269.73
Escada Especially Delicate Notes Ж Товар Туалетная вода жен 50 мл,,50,2091.07
Escada Especially Delicate Notes Ж Товар Туалетная вода жен 75 мл,,75,2314.22
ESPECIALLY ELIXIR,,,
Escada Especially Elixir Ж Товар Парфюмерная вода 30 мл,,30,1630.89
Escada Especially Elixir Ж Товар Парфюмерная вода 50 мл,,50,2052.86
Escada Especially Elixir Ж Товар Парфюмерная вода 75 мл,,75,2623.1
Escada Especially Elixir Ж Товар лосьон для тела 150 мл,,150,660
INCREDIBLE ME,,,
Escada Incredible Me Ж Товар Парфюмерная вода 50 мл,,50,1200
JOYFUL,,,
Escada Joyful Ж Товар Парфюмированная вода 50 мл,,50,2309
Escada Joyful Ж Товар Парфюмированная вода 75 мл,,75,2928.18
Escada Joyful Ж Товар гель для душа 150 мл,,150,871.04
Escada Joyful Ж Товар лосьон для тела 150 мл,,150,969.88
Turquiose Summer,,,
Escada Turquiose Summer Ж Товар Туалетная вода 30 мл,,30,1311.55
Escada Turquiose Summer Ж Товар Туалетная вода 50 мл,,50,1795.31
FERRAGAMO,,,
EMOZIONE,,,
Ferragamo Emozione Ж Товар Парфюмерная вода 30 мл,,30,1531.53
Ferragamo Emozione Ж Товар Парфюмерная вода 50 мл,,50,2252.25
Ferragamo Emozione Ж Товар Парфюмерная вода 92 мл,,92,2860.36
Ferragamo Emozione Ж Товар гель для душа 200 мл,,200,833.33
PARFUM,,,
ACQUA ESSENZIALE,,,
Ferragamo Acqua Essenziale М Товар Туалетная вода 50 мл,,50,1576.58
Ferragamo Acqua Essenziale М Товар Туалетная вода 100 мл,,100,2139.64
Ferragamo Acqua Essenziale М Товар бальзам после бритья 200 мл,,200,1261.26
Ferragamo Acqua Essenziale М Товар дезодорант стик 75 гр,,75,675.68
Ferragamo Acqua Essenziale М Товар лосьон после бритья 100 мл,,100,1351.35
ACQUA ESSENZIALE BLU,,,
Ferragamo Acqua Essenziale Blu М Товар Туалетная вода 50 мл,,50,1576.58
Ferragamo Acqua Essenziale Blu М Товар Туалетная вода 100 мл,,100,2139.64
SIGNORINA,,,
Ferragamo Signorina Ж Товар Туалетная вода 50 мл,,50,1644.14
Ferragamo Signorina Ж Товар Туалетная вода 100 мл,,100,2117.12
SIGNORINA ELEGANZA,,,
Ferragamo Signorina Eleganza Ж Товар Парфюмерная вода 30 мл,,30,1373.87
Ferragamo Signorina Eleganza Ж Товар Парфюмерная вода 50 мл,,50,2004.5
Ferragamo Signorina Eleganza Ж Товар лосьон для тела 200 мл,,200,900.9
GUCCI,,,
Gucci by Gucci Made to Me,,,
Gucci By Gucci Made To Measure М Товар Туалетная вода 30 мл,,30,1610.45
Gucci By Gucci Made To Measure М Товар Туалетная вода 50 мл,,50,2111.79
Gucci By Gucci Made To Measure М Товар Туалетная вода 90 мл,,90,2875.44
Gucci By Gucci Made To Measure М Товар бальзам после бритья 75 мл,,75,1422.27
Gucci By Gucci Made To Measure М Товар шампунь гель для душа 150 мл,,150,898.6
Gucci By Gucci Made To Measure М Товар дезодорант стик 75 гр,,75,898.6
Gucci By Gucci Made To Measure М Товар лосьон после бритья 90 мл,,90,1814.79
Gucci by Gucci Pour Homme,,,
Gucci Gucci By Gucci Pour Homme М Товар Туалетная вода 30 мл (огр. выпуск travel),,30,1548.68
Gucci Gucci By Gucci Pour Homme М Товар Туалетная вода 90 мл,,90,2619.3
GUCCI BY GUCCI SPORT,,,
Gucci By Gucci Sport М Товар Туалетная вода 30 мл (огр. выпуск travel),,30,1548.68
Gucci By Gucci Sport М Товар Туалетная вода 90 мл,,90,2619.3
GUCCI FLORA,,,
Gucci Flora Ж Товар Парфюмированная вода 30 мл,,30,1848.05
Gucci Flora Ж Товар Туалетная вода 30 мл,,30,1727.35
Gucci Flora Ж Товар Туалетная вода 50 мл,,50,2305.2
Gucci Flora Ж Товар Парфюмированная вода 75 мл,,75,3490.34
GUCCI FLORA GARDENIA,,,
Gucci Flora Gardenia Ж Товар Туалетная вода 100 мл,,100,3391.5
GUCCI FLORA GENE VIOLET,,,
Gucci Flora Gene Violet Ж Товар Туалетная вода 100 мл,,100,2290
GUCCI FLORA MAGNOLIA,,,
Gucci Flora Magnolia Ж Товар Туалетная вода 100 мл,,100,3391.5
GUCCI FLORA MANDARIN,,,
Gucci Flora Mandarin Ж Товар Туалетная вода 100 мл,,100,3391.5
GUCCI FLORA TUBEROSE,,,
Gucci Flora Tuberose Ж Товар Туалетная вода 100 мл,,100,3391.5
GUCCI GUILTY,,,
Gucci Guilty Ж Товар Туалетная вода 75 мл,,75,3192.39
GUCCI GUILTY BLACK,,,
Gucci Guilty Black Ж Товар Туалетная вода 30 мл,,30,1796.26
Gucci Guilty Black Ж Товар Туалетная вода 50 мл,,50,2440.63
Gucci Guilty Black Ж Товар Туалетная вода 75 мл,,75,3192.39
Gucci Guilty Black Ж Товар гель для душа 200 мл,,200,1197.98
GUCCI GUILTY INTENSE,,,
Gucci Guilty Intense Ж Товар Парфюмированная вода 30 мл,,30,1934.06
Gucci Guilty Intense Ж Товар Парфюмированная вода 50 мл,,50,2772.79
Gucci Guilty Intense Ж Товар Парфюмированная вода 75 мл,,75,3629.58
GUCCI GUILTY PH BLACK,,,
Gucci Guilty Ph Black М Товар Туалетная вода 30 мл,,30,1548.68
Gucci Guilty Ph Black М Товар Туалетная вода 50 мл,,50,2011.52
Gucci Guilty Ph Black М Товар Туалетная вода 90 мл,,90,2748.56
Gucci Guilty Ph Black М Товар лосьон после бритья 90 мл,,90,1814.79
GUCCI GUILTY PH INTENSE,,,
Gucci Guilty Pour Homme Intense М Товар Туалетная вода 50 мл,,50,2111.79
Gucci Guilty Pour Homme Intense М Товар Туалетная вода 90 мл,,90,2875.44
GUCCI GUILTY POUR HOMME,,,
Gucci Guilty Pour Homme М Товар Туалетная вода  50 мл,,50,2011.52
Gucci Guilty Pour Homme М Товар Туалетная вода  90 мл,,90,2748.56
Gucci Guilty Pour Homme М Товар дезодорант стик  75 гр,,75,898.6
Guilty Diamond,,,
Gucci Guilty Diamond МЖ Товар Туалетная вода 75 мл,,75,2100
Gucci Guilty Diamond МЖ Товар Туалетная вода 90 мл,,90,3023.22
II,,,
Gucci II Ж Товар Парфюмированная вода 50 мл,,50,2650.67
OUD,,,
Gucci Oud Ж Товар Парфюмированная вода 50 мл,,50,3604.39
Gucci Oud Ж Товар Парфюмированная вода 75 мл,,75,4718.26
PREMIERE,,,
Gucci Premiere Ж Товар Парфюмированная вода 30 мл,,30,1934.06
Gucci Premiere Ж Товар Туалетная вода 30 мл,,30,1740.66
Gucci Premiere Ж Товар Парфюмированная вода 50 мл,,50,2772.79
Gucci Premiere Ж Товар Туалетная вода 50 мл,,50,2495.75
Gucci Premiere Ж Товар Туалетная вода 75 мл,,75,3266.52
Rush 2,,,
Gucci Rush 2 Ж Товар Туалетная вода 30 мл,,30,1727.35
Gucci Rush 2 Ж Товар Туалетная вода 50 мл,,50,2305.2
Rush Woman,,,
Gucci Rush Ж Товар Туалетная вода 30 мл,,30,1727.35
Gucci Rush Ж Товар Туалетная вода 50 мл,,50,2305.2
HUGO BOSS,,,
boss bottled,,,
Hugo Boss Hugo Boss (№6) М Товар Вода туалетная 30 мл,,30,1350.04
Hugo Boss Hugo Boss (№6) М Товар Вода туалетная 50 мл.,,50,1813.36
Hugo Boss Hugo Boss (№6) М Товар Вода туалетная 100 мл.,,100,2258.15
Boss Femme,,,
Hugo Boss Femme Ж Товар Вода парфюмерная вода 30 мл,,30,1461.72
Hugo Boss Femme Ж Товар Парфюмерная вода 50 мл,,50,1936.92
Hugo Boss Femme Ж Товар Вода парфюмерная вода 75 мл,,75,2463.44
BOSS ORANGE MAN,,,
Hugo Boss Orange Man М Товар Туалетная вода 40 мл,,40,1381.41
Hugo Boss Orange Man М Товар Туалетная вода 60 мл,,60,1726.88
Hugo Boss Orange Man М Товар Туалетная вода 100 мл,,100,2236.77
Hugo Boss Orange Man М Товар дезодорант стик 75 мл,,75,736.08
BOSS ORANGE WOMAN,,,
Hugo Boss Orange Woman Ж Товар Вода туалетная 30 мл,,30,1407.54
Hugo Boss Orange Woman Ж Товар Вода туалетная 50 мл,,50,1865.16
Hugo Boss Orange Woman Ж Товар Вода туалетная 75 мл,,75,2372.2
BOSS WOMAN,,,
Hugo Boss Woman Ж Товар Вода парфюмерная 90 мл.,,90,2395.01
Bottled Collectors Editio,,,
Hugo Boss Bottled Collectors Edition М Товар Туалетная вода 100 мл,,100,2258.15
Hugo Boss Bottled Collectors Edition М Товар Туалетная вода 50 мл,,50,1813.36
Bottled Intense,,,
Hugo Boss Bottled Intense М Товар Туалетная вода 50 мл,,50,2141.25
Hugo Boss Bottled Intense М Товар Туалетная вода 100 мл,,100,2666.82
BOTTLED NIGHT,,,
Hugo Boss Bottled Night М Товар Туалетная вода 30 мл,,30,1350.04
Hugo Boss Bottled Night М Товар Туалетная вода 50 мл,,50,1813.36
Hugo Boss Bottled Night М Товар Туалетная вода 100 мл,,100,2258.15
Hugo Boss Bottled Night М Товар дезодорант стик 75 мл,,75,736.08
BOTTLED SPORT,,,
Hugo Boss Bottled Sport М Товар Туалетная вода 30 мл,,30,1350.04
Hugo Boss Bottled Sport М Товар Туалетная вода 50 мл,,50,1813.36
Hugo Boss Bottled Sport М Товар Туалетная вода 100 мл,,100,2258.15
Hugo Boss Bottled Sport М Товар дезодорант стик 75 мл,,75,736.08
Hugo Boss Bottled Sport М Товар лосьон после бритья 50 мл,,50,900
hugo deep red,,,
Hugo Deep Red Ж Товар Парфюмерная вода 50 мл.,,50,1777.25
HUGO ELEMENT,,,
Hugo Element М Товар Туалетная вода 90 мл,,90,2079
hugo energise,,,
Hugo Energise М Товар Туалетная вода 75 мл.,,75,1643.24
hugo green,,,
Hugo Boss М Товар Туалетная вода 40 мл.,,40,1374.75
Hugo Boss Boss М Товар Туалетная вода 75 мл,,75,1736.86
Hugo Boss М Товар дезодорант карандаш 75 мл.,,75,639.62
Hugo Boss М Товар дезодорант спрей 150 мл.,,150,639.62
HUGO RED,,,
Hugo Boss Hugo Red М Товар Туалетная вода 40 мл,,40,1374.75
Hugo Boss Hugo Red М Товар Туалетная вода 75 мл,,75,1736.86
Hugo Boss Hugo Red М Товар дезодорант стик 75 мл,,75,639.62
HUGO WOMAN,,,
Hugo Boss Woman Ж Товар Парфюмерная вода 30 мл,,30,1368.58
Hugo Boss Woman Ж Товар Парфюмерная вода 75 мл,,75,2471.04
Hugo Boss Woman Ж Товар гель для душа 200 мл,,200,931.39
JOUR,,,
Hugo Boss Jour Ж Товар Парфюмерная вода 75 мл,,75,2640.21
Hugo Boss Jour Ж Товар гель для душа 200 мл,,200,928.07
Hugo Boss Jour Ж Товар дезодорант аэрозоль 150 мл,,150,928.07
Jour Lumineuse,,,
Hugo Boss Jour Lumineuse Ж Товар Парфюмерная вода 30 мл vapo,,30,1670.8
Hugo Boss Jour Lumineuse Ж Товар Парфюмерная вода 50 мл vapo,,50,2368.87
JUST DIFFERENT,,,
Hugo Just Different М Товар Туалетная вода 40 мл,,40,1374.75
Hugo Boss Just Different М Товар Туалетная вода 75 мл,,75,1736.86
Hugo Just Different М Товар дезодорант аэрозоль 150 мл,,150,639.62
Hugo Just Different М Товар дезодорант стик 75 мл,,75,639.62
MA VIE,,,
Hugo Boss Ma Vie Ж Товар гель для душа 200 мл,,200,928.07
Hugo Boss Ma Vie Ж Товар лосьон для тела 200 мл,,200,1024.06
NUIT,,,
Hugo Boss Nuit Ж Товар Парфюмерная вода 30 мл,,30,1485.95
Hugo Boss Nuit Ж Товар Парфюмерная вода 50 мл,,50,2106.56
Hugo Boss Nuit Ж Товар Парфюмерная вода 75 мл,,75,2640.21
Hugo Boss Nuit Ж Товар дезодорант аэрозоль 150 мл,,150,928.07
NUIT INTENSE,,,
Hugo Boss Nuit Intense Ж Товар Парфюмерная вода 30 мл,,30,1574.81
Hugo Boss Nuit Intense Ж Товар Парфюмерная вода 50 мл,,50,2190.67
Hugo Boss Nuit Intense Ж Товар Парфюмерная вода 75 мл,,75,2719.57
JUICY COUTURE,,,
COUTURE COUTURE,,,
Juicy Couture Couture Ж Товар Парфюмерная вода 50 мл,,50,1747.2
Juicy Couture Couture Ж Товар Парфюмерная вода 100 мл,,100,2340
COUTURE LA LA,,,
Juicy Couture La La Ж Товар Парфюмерная вода 30 мл,,30,1809.6
JUICY COUTURE,,,
Juicy Couture Ж Товар Парфюмерная вода 30 мл,,30,1216.8
Juicy Couture Ж Товар Парфюмерная вода 50 мл,,50,1903.2
MALIBU,,,
Juicy Couture Malibu Ж Товар Туалетная вода 40 мл,,40,1716
Juicy Couture Malibu Ж Товар Туалетная вода 75 мл,,75,1400
MALIBU LA LA,,,
Juicy Couture Malibu La La Ж Товар Туалетная вода 75 мл,,75,2340
PEACE  LOVE & JUICY COUTU,,,
Juicy Couture Peace Love & Juicy Couture Ж Товар Парфюмерная вода 30 мл,,30,1154.4
Juicy Couture Peace Love & Juicy Couture Ж Товар Парфюмерная вода 50 мл,,50,1778.4
Juicy Couture Peace Love & Juicy Couture Ж Товар Парфюмерная вода 100 мл,,100,2340
VIVA GOLD COUTURE,,,
Juicy Couture Viva Gold Couture Ж Товар Парфюмерная вода 30 мл,,30,1809.6
Juicy Couture Viva Gold Couture Ж Товар Парфюмерная вода 50 мл,,50,2558.4
VIVA LA JUICY,,,
Juicy Couture Viva La Juicy Ж Товар Парфюмерная вода 50 мл,,50,2340
Juicy Couture Viva La Juicy Ж Товар Парфюмерная вода 100 мл,,100,3432
VIVA LA JUICY LA FLEUR,,,
Juicy Couture Viva La Juicy La Fleur Ж Товар Туалетная вода 40 мл,,40,1840.8
Juicy Couture Viva La Juicy La Fleur Ж Товар Туалетная вода 75 мл,,75,1400
VIVA NOIR,,,
Juicy Couture Viva Noir Ж Товар Парфюмерная вода 30 мл,,30,1809.6
Juicy Couture Viva Noir Ж Товар Парфюмерная вода 50 мл,,50,2558.4
LACOSTE,,,
EAU DE LACOSTE,,,
Lacoste Eau De Lacoste М Товар Туалетная вода 50 мл (l.12.12 blanc),,50,1695.04
Lacoste Eau De Lacoste М Товар Туалетная вода 50 мл (l.12.12 bleu),,50,1695.04
Lacoste Eau De Lacoste М Товар Туалетная вода 50 мл (l.12.12 jaune),,50,1695.04
Lacoste Eau De Lacoste М Товар Туалетная вода 50 мл (l.12.12 noir),,50,1695.04
Lacoste Eau De Lacoste М Товар Туалетная вода 50 мл (l.12.12 rouge),,50,1695.04
Lacoste Eau De Lacoste М Товар туалетная вода 100 мл (l.12.12 noir),,100,2165.49
Lacoste Eau De Lacoste М Товар Туалетная вода 100 мл (l.12.12 blanc),,100,2165.49
Lacoste Eau De Lacoste М Товар Туалетная вода 100 мл (l.12.12 bleu),,100,2165.49
Lacoste Eau De Lacoste М Товар Туалетная вода 100 мл (l.12.12 jaune),,100,2165.49
Lacoste Eau De Lacoste М Товар Туалетная вода 100 мл (l.12.12 rouge),,100,2165.49
ESSENTIAL SPORT,,,
Lacoste Essential Sport М Товар Туалетная вода 75 мл,,75,1628.99
lacoste essential,,,
Lacoste Essential М Товар Туалетная вода 75 мл.,,75,1628.99
Lacoste Essential М Товар Туалетная вода 125 мл.,,125,2125.09
Lacoste Essential М Товар дезодорант стик 75 мл.,,75,640.57
LACOSTE FEMME,,,
Lacoste Eau De Lacoste Femme Ж Товар Парфюмерная вода 30 мл,,30,1417.52
Lacoste Eau De Lacoste Femme Ж Товар Парфюмерная вода 50 мл,,50,1791.03
Lacoste Eau De Lacoste Femme Ж Товар Парфюмерная вода 90 мл,,90,2252.92
lacoste pink,,,
Lacoste Touch Of Pink Ж Товар Туалетная вода 30 мл. relaunch,,30,1278.76
Lacoste Touch Of Pink Ж Товар Туалетная вода 50 мл. relaunch,,50,1634.69
lacoste pour femme,,,
Lacoste Pour Femme Ж Товар Парфюмерная вода 30 мл.,,30,1362.87
Lacoste Pour Femme Ж Товар Парфюмерная вода 50 мл.,,50,1721.65
Lacoste Pour Femme Ж Товар Парфюмерная вода 90 мл.,,90,2165.96
lacoste pour homme,,,
Lacoste Pour Homme М Товар Туалетная вода 30 мл.,,30,1350.04
Lacoste Pour Homme М Товар Туалетная вода 50 мл,,50,1776.77
lacoste red,,,
Lacoste М Товар Туалетная вода 50 мл.,,50,1324.86
Lacoste М Товар Туалетная вода 75 мл.,,75,1628.99
LIVE,,,
Lacoste Live М Товар Туалетная вода 40 мл,,40,1350.04
Lacoste Live М Товар Туалетная вода 100 мл,,100,2165.49
SENSUELLE,,,
Lacoste Sensuelle Ж Товар Парфюмерная вода 30 мл,,30,1350.04
Lacoste Sensuelle Ж Товар Парфюмерная вода 50 мл,,50,1705.49
Lacoste Sensuelle Ж Товар Парфюмерная вода 90 мл,,90,2145.53
Lacoste Sensuelle Ж Товар гель для душа 150 мл,,150,640.57
MARC JACOBS,,,
DAISY,,,
Marc Jacobs Daisy Ж Товар Парфюмерная вода 50 мл,,50,2049.3
Marc Jacobs Daisy Ж Товар Туалетная вода 50 мл (лим выпуск sorbet),,50,1817.05
DAISY DREAMY,,,
Marc Jacobs Daisy Dreamy Ж Товар Туалетная вода 30 мл,,30,1548.36
Marc Jacobs Daisy Dreamy Ж Товар Туалетная вода 50 мл,,50,2003.76
Marc Jacobs Daisy Dreamy Ж Товар Туалетная вода 100 мл,,100,2459.16
DAISY EAU SO FRESH,,,
Marc Jacobs Daisy Eau So Fresh Ж Товар Туалетная вода 75 мл,,75,2049.3
Marc Jacobs Daisy Eau So Fresh Ж Товар Туалетная вода 75 мл (лим выпуск sorbet),,75,2049.3
DOT,,,
Marc Jacobs Dot Ж Товар Парфюмерная вода 30 мл,,30,1593.9
Marc Jacobs Dot Ж Товар Парфюмерная вода 50 мл,,50,2049.3
HONEY,,,
Marc Jacobs Honey Ж Товар Парфюмерная вода 30 мл,,30,1593.9
Marc Jacobs Honey Ж Товар Парфюмерная вода 50 мл,,50,2049.3
Marc Jacobs Honey Ж Товар Парфюмерная вода 100 мл,,100,2504.7
Marc Jacobs Honey Ж Товар лосьон для тела 150 мл,,150,842.49
MERCEDES-BENZ,,,
MERCEDES-BENZ,,,
Mercedes-benz М Товар Туалетная вода 75 мл,,75,1857.02
Mercedes-benz М Товар Туалетная вода 120 мл,,120,2451.38
Mercedes-benz М Товар дезодорант спрей 150 мл,,150,842.4
MERCEDES-BENZ CLUB,,,
Mercedes-benz Club М Товар Туалетная вода 100 мл,,100,2246.4
MERCEDES-BENZ FOR WOMEN,,,
Mercedes-benz For Women Ж Товар Парфюмерная вода 60 мл,,60,2184
Mercedes-benz For Women Ж Товар Парфюмерная вода 90 мл,,90,2870.4
Mercedes-benz For Women Ж Товар лосьон для тела 200 мл,,200,1154.4
MERCEDES-BENZ INTENSE,,,
Mercedes-benz Intense М Товар Туалетная вода 40 мл,,40,1684.8
Mercedes-benz Intense М Товар Туалетная вода 75 мл,,75,2059.2
Mercedes-benz Intense М Товар Туалетная вода 120 мл,,120,2652
MERCEDES-BENZ L`EAU FOR W,,,
Mercedes-benz L`eau For Women Ж Товар Туалетная вода 60 мл,,60,1840.8
Mercedes-benz L`eau For Women Ж Товар Туалетная вода 90 мл,,90,2433.6
MERCEDES-BENZ SPORT FOR M,,,
Mercedes-benz Sport For Men М Товар Туалетная вода 75 мл,,75,1747.2
Mercedes-benz Sport For Men М Товар Туалетная вода 120 мл,,120,2277.6
MOSCHINO,,,
Chic Petals,,,
Moschino Chic Petals Ж Товар Туалетная вода 100 мл,,100,1869.37
Moschino Chic Petals Ж Товар гель для душа 200 мл,,200,788.29
FOREVER,,,
Moschino Forever М Товар Туалетная вода 30 мл,,30,968.47
Moschino Forever М Товар Туалетная вода 50 мл,,50,1306.31
Moschino Forever М Товар Туалетная вода 100 мл,,100,1801.8
Forever Sailing,,,
Moschino Forever Sailing М Товар Туалетная вода 30 мл,,30,968.47
Moschino Forever Sailing М Товар Туалетная вода 50 мл,,50,1306.31
Moschino Forever Sailing М Товар Туалетная вода 100 мл,,100,1801.8
Funny,,,
Moschino Funny Ж Товар Туалетная вода 25 мл,,25,968.47
GLAMOUR,,,
Moschino Glamour Ж Товар Парфюмированная вода 30 мл,,30,1036.04
Moschino Glamour Ж Товар Парфюмированная вода 50 мл,,50,1644.14
Moschino Glamour Ж Товар Парфюмированная вода 100 мл,,100,2094.59
LIGHT CLOUDS,,,
Moschino Light Clouds Ж Товар Туалетная вода 50мл,,50,1351.35
moschino i love love,,,
Moschino I Love Love Ж Товар Туалетная вода 30 мл,,30,945.95
Moschino I Love Love Ж Товар Туалетная вода 50 мл,,50,1351.35
Moschino I Love Love Ж Товар Туалетная вода 100 мл,,100,1891.89
PINK BOUQUET,,,
Moschino Pink Bouquet Ж Товар Туалетная вода 30 мл,,30,968.47
STARS,,,
Moschino Stars Ж Товар Парфюмированная вода 100 мл,,0,2229.73
Moschino Stars Ж Товар Парфюмированная вода 50 мл,,0,1711.71
NINA RICCI,,,
l`air du temps,,,
Nina Ricci L`air Du Temps Ж Товар Парфюмерная вода 30 мл,,30,1633.5
Nina Ricci L`air Du Temps Ж Товар Туалетная вода 30 мл,,30,1524.6
Nina Ricci L`air Du Temps Ж Товар Туалетная вода 50 мл,,50,2014.65
LES DELICES DE NINA,,,
Nina Ricci LES DELICES DE NINA Ж Товар Туалетная вода 50 мл,,50,1960.2
Nina Ricci LES DELICES DE NINA Ж Товар Туалетная вода 75 мл,,75,2450.25
love in paris,,,
Nina Ricci Love In Paris Ж Товар Парфюмерная вода 50 мл,,50,2178
MADEMOISELLE Ricci,,,
Nina Ricci Mademoiselle Ricci Ж Товар Парфюмерная вода 30 мл,,30,1230
Nina Ricci Mademoiselle Ricci Ж Товар Парфюмерная вода 50 мл,,50,1590
Nina Ricci Mademoiselle Ricci Ж Товар Парфюмерная вода 80 мл,,80,1960
Nina Ricci Mademoiselle Ricci Ж набор (парфюмерная вода 50мл + лосьон для тела 100мл),,50,1715.18
nina,,,
Nina Ricci Nina Ж Товар Туалетная вода 30 мл,,30,1388.48
Nina Ricci Nina Ж Товар La tentation de nina туалетная вода 50 мл,,50,1960.2
Nina Ricci Nina Ж Товар Туалетная вода 50 мл,,50,1960.2
Nina Ricci Nina Ж Товар Туалетная вода 80 мл,,80,2450.25
Nina Ricci Nina Ж Товар гель для душа 200 мл,,200,898.43
Nina Ricci Nina Ж Товар дезодорант спрей 150 мл,,150,710
NINA ELIXIR,,,
Nina Ricci Nina Elixir Ж Товар Парфюмерная вода 30 мл,,30,1497.38
Nina Ricci Nina Elixir Ж Товар Парфюмерная вода 50 мл,,50,2041.88
Nina Ricci Nina Elixir Ж Товар Парфюмерная вода 80 мл,,80,2559.15
NINA L`EAU,,,
Nina Ricci Nina L`eau Ж Товар Туалетная вода 30 мл,,30,1279.58
Nina Ricci Nina L`eau Ж Товар Туалетная вода 50 мл,,50,1769.63
Nina Ricci Nina L`eau Ж Товар Туалетная вода 80 мл,,80,2205.23
premier jour,,,
Nina Ricci Premier Jour Ж Товар Парфюмерная вода 50 мл,,50,2150.78
Nina Ricci Premier Jour Ж Товар Парфюмерная вода 100 мл,,100,2695.28
RICCI RICCI,,,
Nina Ricci Ricci Ricci Ж Товар Парфюмерная вода 30 мл,,30,1579.05
Nina Ricci Ricci Ricci Ж Товар Парфюмерная вода 50 мл,,50,2150.78
Nina Ricci Ricci Ricci Ж Товар Парфюмерная вода 80 мл,,80,2668.05
PACO RABANNE,,,
1MILLION,,,
Paco Rabanne 1Million М Товар Туалетная вода 50 мл,,50,2014.65
Paco Rabanne 1Million М Товар Туалетная вода 100 мл,,100,2613.6
Paco Rabanne 1Million М Товар гель для душа 150 мл,,150,952.88
Paco Rabanne 1Million М Товар дезодорант спрей 150 мл,,150,816.75
Paco Rabanne 1Million М Товар дезодорант стик 75 гр,,75,1007.33
black xs,,,
Paco Rabanne Black XS М Товар Туалетная вода 30 мл,,30,1279.58
Paco Rabanne Black XS М Товар Туалетная вода 50 мл,,50,1606.28
Paco Rabanne Black XS М Товар Туалетная вода 100 мл,,100,2096.33
Paco Rabanne Black XS М Товар дезодорант спрей 150 мл,,150,707.85
Paco Rabanne Black XS М Товар лосьон после бритья 100 мл,,100,1415.7
BLACK XS BE ELEGANT,,,
Paco Rabanne BLACK XS BE ELEGANT М Товар Туалетная вода 100 мл,,100,2096.33
BLACK XS BE ELEGANT FOR H,,,
Paco Rabanne BLACK XS BE ELEGANT FOR HER Ж Товар Туалетная вода 50 мл,,50,1960.2
Black XS for Her,,,
Paco Rabanne Black XS For Her Ж Товар Туалетная вода 30 мл,,30,1415.7
Paco Rabanne Black XS For Her Ж Товар Туалетная вода 50 мл,,50,1960.2
Paco Rabanne Black XS For Her Ж Товар Туалетная вода 80 мл,,80,2504.7
Paco Rabanne Black XS For Her Ж Товар дезодорант спрей 150 мл,,150,816.75
Black XS for Her L`Exces,,,
Paco Rabanne Black Xs For Her L`exces Ж Товар Парфюмерная вода 30 мл,,30,1497.38
Paco Rabanne Black Xs For Her L`exces Ж Товар Парфюмерная вода 50 мл,,50,2096.33
Paco Rabanne Black Xs For Her L`exces Ж Товар Парфюмерная вода 80 мл,,80,2695.28
Black XS L`Exces,,,
Paco Rabanne Black Xs L`exces М Товар Туалетная вода 50 мл,,50,1715.18
Paco Rabanne Black Xs L`exces М Товар Туалетная вода 100 мл,,100,2205.23
BLACK XS POTION WOMAN,,,
Paco Rabanne Black Xs Potion Woman Ж Товар Туалетная вода 80 мл,,80,1640
INVICTUS,,,
Paco Rabanne Invictus М Товар Туалетная вода 50 мл,,50,2014.65
Paco Rabanne Invictus М Товар Туалетная вода 100 мл,,100,2613.6
Paco Rabanne Invictus М Товар бальзам после бритья 100 мл,,75,1061.78
Paco Rabanne Invictus М Товар гель для душа 150 мл,,150,952.88
Paco Rabanne Invictus М Товар дезодорант спрей 150 мл,,150,952.88
Paco Rabanne Invictus М Товар дезодорант стик 75 мл,,75,1061.78
Paco Rabanne Invictus М Товар лосьон после бритья 100 мл,,100,1442.93
LADY MILLION,,,
Paco Rabanne Lady Million Ж Товар Парфюмерная вода 50 мл,,50,2450.25
Paco Rabanne Lady Million Ж Товар Парфюмированная вода 80 мл,,80,3103.65
Paco Rabanne Lady Million Ж Товар гель для душа 150 мл,,150,952.88
Paco Rabanne Lady Million Ж Товар дезодорант спрей 150 мл,,150,952.88
LADY MILLION EMG,,,
Paco Rabanne Lady Million Emg Ж Товар Туалетная вода 30 мл,,30,1110
Paco Rabanne Lady Million Emg Ж Товар Туалетная вода 50 мл,,50,1550
Paco Rabanne Lady Million Emg Ж Товар Туалетная вода 80 мл,,80,2020
ultraviolet,,,
Paco Rabanne Ultraviolet Ж Товар Парфюмерная вода 30 мл,,30,1415.7
Paco Rabanne Ultraviolet Ж Товар Парфюмерная вода 50 мл,,50,1960.2
ultraviolet man,,,
Paco Rabanne Ultraviolet Man М Товар Туалетная вода 50 мл,,50,1606.28
Paco Rabanne Ultraviolet Man М Товар Туалетная вода 100 мл,,100,2096.33
xs pour homme,,,
Paco Rabanne Xs Pour Homme М Товар Туалетная вода 30 мл,,30,1252.35
Paco Rabanne Xs Pour Homme М Товар Туалетная вода 50 мл,,50,1742.4
Paco Rabanne Xs Pour Homme М Товар Туалетная вода 100 мл,,100,2232.45
PRADA,,,
Infusion d`Homme,,,
Prada Infusion d'Homme М Товар Туалетная вода 50 мл,,50,1415.7
Infusion d`Iris,,,
Prada Infusion D'Iris Ж Товар Парфюмерная вода 30 мл,,30,1932.98
Prada Infusion D'Iris Ж Товар Парфюмерная вода 50 мл,,50,2559.15
Prada Infusion D'Iris Ж Товар Парфюмерная вода 100 мл,,100,3294.23
LUNA ROSSA EXTREME,,,
Prada Luna Rossa Extreme М Товар Парфюмерная вода 50 мл,,50,2395.8
Prada Luna Rossa Extreme М Товар Парфюмерная вода 100 мл,,100,3103.65
prada,,,
Prada Ж Товар Парфюмерная вода 30 мл,,30,1878.53
Prada Ж Товар Парфюмерная вода 50 мл,,50,2531.93
Prada Ж Товар Парфюмерная вода 80 мл,,80,3239.78
Prada Man,,,
Prada Man М Товар Туалетная вода 50 мл,,50,1960.2
Prada Man М Товар Туалетная вода 100 мл,,100,2776.95
ROBERTO CAVALLI,,,
AСQUA,,,
Roberto Cavalli Aсqua Ж Товар Туалетная вода 30 мл,,30,1375.4
Roberto Cavalli Aсqua Ж Товар Туалетная вода 50 мл,,50,1789.4
EXOTICA,,,
Roberto Cavalli Exotica Ж Товар Туалетная вода 75 мл,,75,1605.4
JUST CAVALLI FOR HER,,,
Roberto Cavalli Just Cavalli For Her Ж Товар Туалетная вода 50 мл,,50,1081
JUST CAVALLI FOR HIM,,,
Roberto Cavalli Just Cavalli For Him М Товар Туалетная вода 50 мл,,50,1081
Roberto Cavalli Just Cavalli For Him М Товар Туалетная вода 90 мл,,90,1265
NERO ASSOLUTO,,,
Roberto Cavalli Nero Assoluto Ж Товар Парфюмерная вода 30 мл,,30,1559.4
Roberto Cavalli Nero Assoluto Ж Товар Парфюмерная вода 50 мл,,50,2019.4
Roberto Cavalli Nero Assoluto Ж Товар Парфюмерная вода 75 мл,,75,2387.4
PARADISO,,,
Roberto Cavalli PARADISO Ж Товар Парфюмерная вода 30 мл,,30,1559.4
Roberto Cavalli PARADISO Ж Товар Парфюмерная вода 50 мл,,50,2019.4
Roberto Cavalli PARADISO Ж Товар Парфюмерная вода 75 мл,,75,2433.4
Roberto Cavalli PARADISO Ж Товар гель для душа 150 мл,,150,713
Roberto Cavalli PARADISO Ж Товар лосьон для тела 150 мл,,150,713
ROBERTO CAVALLI,,,
Roberto Cavalli Ж Товар Парфюмерная вода 30 мл,,30,1559.4
Roberto Cavalli Ж Товар Парфюмерная вода 50 мл,,50,2019.4
Roberto Cavalli Ж Товар Парфюмерная вода 75 мл,,75,2387.4
ROBERTO VERINO,,,
GOLD BOUQUET,,,
Roberto Verino Gold Bouquet Ж Товар Парфюмерная вода 30 мл,,30,1027.03
Roberto Verino Gold Bouquet Ж Товар Парфюмерная вода 50 мл,,50,1378.38
Roberto Verino Gold Bouquet Ж Товар Парфюмерная вода 90 мл,,90,1729.73
GOLD DIVA,,,
Roberto Verino Gold Diva Ж Товар Парфюмерная вода 30 мл,,30,1027.03
Roberto Verino Gold Diva Ж Товар Парфюмерная вода 50 мл,,50,1378.38
Roberto Verino Gold Diva Ж Товар Парфюмерная вода 90 мл,,90,1729.73
PURE,,,
Roberto Verino Pure Ж Товар Туалетная вода 40 мл,,40,918.92
Roberto Verino Pure Ж Товар Туалетная вода 60 мл,,60,1216.22
Roberto Verino Pure Ж Товар Туалетная вода 120 мл,,120,1594.59
PURE MAN,,,
Roberto Verino Pure Man М Товар Туалетная вода 75 мл,,75,1081.08
VV,,,
Roberto Verino Vv Ж Товар Парфюмерная вода 50 мл,,50,1189.19
ROUGE BUNNY ROUGE PERFUME,,,
CYNEFIN,,,
Rouge Bunny Rouge Perfume Cynefin МЖ Товар Парфюмированная вода 50 мл,,50,4192.5
EMBERS,,,
Rouge Bunny Rouge Perfume Embers МЖ Товар Парфюмированная вода 50 мл,,50,4192.5
MUSE,,,
Rouge Bunny Rouge Perfume Muse Ж Товар Парфюмированная вода 50 мл,,50,3152.5
SILHOUETTE,,,
Rouge Bunny Rouge Perfume Silhouette Ж Товар Парфюмированная вода 50 мл,,50,4192.5
SILVAN,,,
Rouge Bunny Rouge Perfume Silvan МЖ Товар Парфюмированная вода 50 мл,,50,4192.5
TUNDRA,,,
Rouge Bunny Rouge Perfume Tundra Ж Товар Парфюмированная вода 50 мл,,50,4192.5
VALENTINO,,,
UOMO NERO,,,
Valentino UOMO NERO М Товар Туалетная вода 100 мл,,100,3080
VERSACE,,,
Bright Crystal,,,
Versace Bright Crystal Ж Товар гель для душа 200 мл,,200,1324.32
Versace Bright Crystal Ж Товар дезодорант стик 50 мл,,50,783.78
Versace Bright Crystal Ж Товар дезодорант спрей 50 мл,,50,1108.11
Crystal Noir,,,
Versace Crystal Noir Ж Товар Парфюмированная вода 30 мл,,30,1432.43
Versace Crystal Noir Ж Товар Туалетная вода 30 мл,,30,1351.35
Versace Crystal Noir Ж Товар Парфюмированная вода 50 мл,,50,2189.19
Versace Crystal Noir Ж Товар Туалетная вода 90 мл,,90,2621.62
Eau Fraiche,,,
Versace Eau Fraiche М Товар Туалетная вода 30 мл,,30,1243.24
Versace Eau Fraiche М Товар Туалетная вода 50 мл,,50,1675.67
Versace Eau Fraiche М Товар Туалетная вода 100 мл,,100,2162.16
Versace Eau Fraiche М Товар бальзам после бритья 75 мл,,75,918.92
Versace Eau Fraiche М Товар лосьон после бритья 100 мл,,100,1540.54
Versace Eau Fraiche М Товар дезодорант спрей 100 мл,,100,1027.03
EROS,,,
Versace Eros М Товар Туалетная вода 30 мл,,30,1351.35
Versace Eros М Товар Туалетная вода 100 мл,,100,2405.4
Versace Eros М Товар бальзам после бритья 100 мл,,100,1270.27
Pour Homme,,,
Versace Pour Homme М Товар Туалетная вода 30мл,,50,1324.32
Versace Pour Homme М Товар Туалетная вода 50мл,,50,1702.7
Versace Pour Homme М Товар Туалетная вода 100мл,,100,2351.35
Versace Pour Homme М Товар бальзам после бритья 100мл,,100,1243.24
Versace Pour Homme М Товар дезодорант стик 75мл,,75,810.81
Versace Pour Homme М Товар дезодорант спрей 100мл,,100,1432.43
Versace Pour Homme М Товар шампунь гель для душа,,250,1000
VANITAS EDT,,,
Versace Vanitas Edt Ж Товар Туалетная вода 30 мл,,30,1351.35
Versace Vanitas Edt Ж Товар Туалетная вода 50 мл,,50,2081.08
Versace Vanitas Edt Ж Товар лосьон для тела 200 мл,,200,450
Versace,,,
Versace Versace Ж Товар Парфюмерная вода 30 мл,,30,1486.49
Versace Versace Ж Товар Парфюмерная вода 50 мл,,50,2162.16
Versace Versace Ж Товар дезодорант спрей 50 мл,,50,1054.05
VERSENSE,,,
Versace Versense Ж Товар Туалетная вода 30мл,,30,1459.46
Versace Versense Ж Товар Туалетная вода 100мл,,100,2783.78
Versace Versense Ж набор (туалетная вода 30мл + лосьон для тела 50мл),,0,1594.59
YELLOW DIAMOND,,,
Versace Yellow Diamond Ж Товар Туалетная вода 30 мл,,30,1351.35
YELLOW DIAMOND INTENSE,,,
Versace Yellow Diamond Intense Ж Товар Парфюмированная вода 50 мл,,50,1130
